,index,college_name,NIRF_RANK,fee,salary,overall_rating,placements_rating,infrastructure_rating,faculty_rating,campus_rating,value_rating,No_of_reviews
0,0,IIT Madras - Indian Institute of Technology,1, ₹ 10.00 Lakh, ₹ 16.00 Lakh ,4.6,4.5,4.5,4.5,4.7,4.7,201
1,1,IIT Delhi - Indian Institute of Technology,2, ₹ 8.00 Lakh, ₹ 17.60 Lakh ,4.5,4.5,4.5,4.3,4.6,4.7,400
2,2,IIT Bombay - Indian Institute of Technology,3, ₹ 8.00 Lakh, ₹ 15.00 Lakh ,4.6,4.6,4.6,4.4,4.7,4.7,307
3,3,IIT Kanpur - Indian Institute of Technology,4, ₹ 8.00 Lakh, ₹ 19.15 Lakh ,4.7,4.6,4.8,4.5,4.8,4.8,220
4,4,IIT Kharagpur - Indian Institute of Technology,5, ₹ 8.00 Lakh, ₹ 15.00 Lakh ,4.5,4.5,4.5,4.3,4.7,4.6,400
5,5,IIT Roorkee - Indian Institute of Technology,6, ₹ 8.00 Lakh, ₹ 16.72 Lakh ,4.4,4.3,4.6,4.1,4.7,4.5,442
6,6,IIT Guwahati - Indian Institute of Technology,7, ₹ 8.00 Lakh, ₹ 18.70 Lakh ,4.5,4.3,4.7,4.2,4.7,4.7,228
7,7,NIT Trichy - National Institute of Technology,8, ₹ 5.00 Lakh, ₹ 10.80 Lakh ,4.4,4.4,4.3,4.1,4.5,4.5,288
8,8,IIT Hyderabad - Indian Institute of Technology,9, ₹ 8.00 Lakh, ₹ 16.25 Lakh ,4.5,4.4,4.5,4.7,4.4,4.5,65
9,9,NITK Surathkal - National Institute of Technology,10, ₹ 5.00 Lakh, ₹ 10.00 Lakh ,4.3,4.4,4.2,4.1,4.6,4.5,312
10,10,Jadavpur University,11," ₹ 9,600", ₹ 9.75 Lakh ,4.4,4.3,4.0,4.3,4.6,4.9,512
11,11,"Vellore Institute of Technology, Vellore",12, ₹ 7.80 Lakh, ₹ 6.50 Lakh ,4.2,4.2,4.6,4.0,4.2,4.0,1634
12,12,"IIT BHU, Varanasi - Indian Institute of Technology",13, ₹ 8.51 Lakh, ₹ 16.00 Lakh ,4.3,4.5,3.8,4.0,4.4,4.4,372
13,13,IIT Dhanbad (ISM) - Indian Institute of Technology (ISM),14, ₹ 4.40 Lakh, ₹ 11.00 Lakh ,4.2,4.1,4.1,3.9,4.3,4.4,365
14,14,NIT Rourkela - National Institute of Technology,15, ₹ 5.00 Lakh, ₹ 6.85 Lakh ,4.3,4.1,4.5,4.0,4.6,4.3,493
15,15,IIT Indore - Indian Institute of Technology,16, ₹ 4.00 Lakh, ₹ 14.00 Lakh ,4.2,4.0,4.3,4.1,4.3,4.2,64
16,16,"College of Engineering, Anna University",17, ₹ 2.00 Lakh, ₹ 5.00 Lakh ,4.4,4.1,4.3,4.1,4.8,4.7,139
17,17,"ICT Mumbai - Institute of Chemical Technology, Mumbai",18, ₹ 3.48 Lakh, ₹ 6.55 Lakh ,4.5,4.2,4.4,4.7,4.5,4.6,59
18,18,IIT Mandi - Indian Institute of Technology,20, ₹ 8.00 Lakh, ₹ 18.00 Lakh ,4.3,4.0,4.4,4.2,4.4,4.4,56
19,19,NIT Warangal - National Institute of Technology,21, ₹ 5.00 Lakh, ₹ 10.00 Lakh ,4.3,4.3,4.2,4.0,4.4,4.4,478
20,20,IIT Ropar - Indian Institute of Technology,22, ₹ 8.00 Lakh, ₹ 12.40 Lakh ,4.4,4.3,4.4,4.4,4.5,4.5,55
21,21,IIT Gandhinagar - Indian Institute of Technology,23, ₹ 8.00 Lakh, ₹ 9.00 Lakh ,4.3,3.7,4.7,4.3,4.6,4.4,42
22,22,"SRM Institute of Science and Technology, Chennai",24, ₹ 16.00 Lakh, ₹ 4.00 Lakh ,4.0,3.9,4.4,3.8,4.4,3.7,1670
23,23,"Amity University, Noida",25, ₹ 10.16 Lakh, ₹ 4.13 Lakh ,4.0,3.6,4.5,4.0,4.5,3.6,1533
24,24,Jamia Millia Islamia [JMI],26," ₹ 64,600", ₹ 8.40 Lakh ,4.3,3.6,4.4,4.3,4.3,4.7,553
25,25,SOA - Siksha 'O' Anusandhan University,27, ₹ 10.20 Lakh, ₹ 4.00 Lakh ,4.2,4.0,4.4,4.3,4.3,4.0,339
26,26,Thapar Institute of Engineering and Technology (Deemed to be University),28, ₹ 14.58 Lakh, ₹ 8.00 Lakh ,4.1,4.0,4.5,3.8,4.4,3.6,788
27,27,BITS Pilani - Birla Institute of Technology and Science,29, ₹ 19.94 Lakh, ₹ 13.00 Lakh ,4.4,4.4,4.5,4.2,4.7,4.2,541
28,28,IIT Jodhpur - Indian Institute of Technology,30, ₹ 8.00 Lakh, ₹ 12.00 Lakh ,4.3,4.3,4.3,4.0,4.3,4.5,44
29,29,NIT Calicut - National Institute of Technology,31, ₹ 5.00 Lakh, ₹ 9.10 Lakh ,4.1,4.0,3.8,3.9,4.3,4.3,267
30,30,VNIT Nagpur - Visvesvaraya National Institute of Technology,32, ₹ 5.00 Lakh, ₹ 8.42 Lakh ,4.1,3.8,4.1,3.9,4.4,4.0,285
31,31,IIT Patna - Indian Institute of Technology,33, ₹ 8.00 Lakh, ₹ 11.80 Lakh ,4.3,4.3,4.3,4.4,4.1,4.5,54
32,32,NIT Durgapur - National Institute of Technology,34, ₹ 5.00 Lakh, ₹ 6.80 Lakh ,4.0,3.9,3.7,3.8,4.3,4.1,454
33,33,DTU - Delhi Technological University,35, ₹ 6.06 Lakh, ₹ 11.00 Lakh ,4.3,4.4,4.2,4.0,4.5,4.3,1552
34,34,IIT Bhubaneswar - Indian Institute of Technology,36, ₹ 8.00 Lakh, ₹ 13.50 Lakh ,4.1,4.0,4.2,4.3,4.1,4.1,56
35,35,Aligarh Muslim University,37, ₹ 10.63 Lakh, ₹ 5.62 Lakh ,4.3,3.6,4.4,4.4,4.3,4.7,481
36,36,NIT Silchar - National Institute of Technology,38, ₹ 5.00 Lakh, ₹ 7.50 Lakh ,4.2,4.1,4.3,3.9,4.5,4.3,213
37,37,Kalasalingam Academy of Research and Education,39, ₹ 5.00 Lakh, ₹ 4.80 Lakh ,4.0,3.8,4.1,4.1,4.1,4.2,159
38,38,IIEST Shibpur - Indian Institute of Engineering Science and Technology,40, ₹ 5.00 Lakh, ₹ 7.20 Lakh ,4.1,3.7,3.8,4.1,4.5,4.2,268
39,39,SASTRA (Deemed to be University),41, ₹ 6.00 Lakh, ₹ 6.00 Lakh ,4.2,4.3,4.1,4.1,4.2,4.4,549
40,0,IIST - Indian Institute of Space Science and Technology,43, ₹ 2.50 Lakh, ₹ 10.64 Lakh ,4.1,3.7,4.3,4.6,3.3,4.7,32
41,1,KL (Deemed to be University),44,,,4.1,4.2,4.3,4.2,4.1,3.8,389
42,2,Chandigarh University (CU),45, ₹ 8.48 Lakh, ₹ 6.60 Lakh ,4.3,4.2,4.4,4.1,4.4,4.1,3165
43,3,MNIT Jaipur - Malaviya National Institute of Technology,46, ₹ 2.50 Lakh, ₹ 8.10 Lakh ,4.2,4.0,4.4,3.9,4.4,4.2,626
44,4,MNNIT Allahabad - Motilal Nehru National Institute of Technology,47, ₹ 6.92 Lakh, ₹ 9.00 Lakh ,4.1,4.4,3.6,3.9,4.1,4.4,531
45,5,SSN College of Engineering,48, ₹ 2.00 Lakh, ₹ 5.50 Lakh ,4.5,4.4,4.7,4.3,4.7,4.4,134
46,6,Visvesvaraya Technological University,49, ₹ 1.35 Lakh,,3.7,3.1,3.3,4.0,3.8,4.3,35
47,7,NIT Kurukshetra - National Institute of Technology,50, ₹ 1.67 Lakh, ₹ 9.00 Lakh ,4.1,4.0,4.0,3.8,4.3,4.2,458
48,8,LPU - Lovely Professional University,51, ₹ 9.60 Lakh, ₹ 6.20 Lakh ,4.3,4.0,4.6,4.1,4.5,4.1,3922
49,9,NIT Jalandhar - Dr. B. R. Ambedkar National Institute of Technology,52, ₹ 1.67 Lakh, ₹ 6.50 Lakh ,3.9,3.9,3.9,3.7,4.1,3.9,495
50,10,"Birla Institute of Technology, Mesra",53, ₹ 11.40 Lakh, ₹ 8.10 Lakh ,3.9,4.0,4.0,3.7,4.3,3.7,571
51,11,Sathyabama Institute of Science and Technology,54, ₹ 3.60 Lakh ,,3.8,3.7,3.7,3.9,3.8,3.7,566
52,12,IIT Tirupati - Indian Institute of Technology,56, ₹ 8.00 Lakh, ₹ 9.00 Lakh ,4.4,4.3,4.5,4.6,4.3,4.5,12
53,13,PSG College of Technology,57, ₹ 2.00 Lakh, ₹ 5.00 Lakh ,4.4,4.4,4.2,4.2,4.4,4.6,197
54,14,"Sardar Vallabhbhai National Institute of Technology, Surat",58, ₹ 5.00 Lakh, ₹ 6.90 Lakh ,4.0,3.8,4.2,3.6,4.3,4.1,517
55,15,Banasthali Vidyapith,59, ₹ 5.56 Lakh, ₹ 5.60 Lakh ,4.2,3.7,4.3,4.4,4.3,4.3,651
56,16,NIT Meghalaya - National Institute of Technology,60, ₹ 5.00 Lakh, ₹ 6.50 Lakh ,3.8,3.9,3.3,4.2,3.6,3.9,32
57,17,UPES,61, ₹ 15.92 Lakh, ₹ 4.50 Lakh ,3.9,3.7,4.3,4.0,4.1,3.5,909
58,18,"International Institute of Information Technology, Hyderabad",62, ₹ 13.20 Lakh, ₹ 5.00 Lakh,4.3,4.8,4.0,4.4,4.0,4.4,90
59,19,NIT Patna - National Institute of Technology,63, ₹ 6.80 Lakh , ₹ 13.62 Lakh,3.9,3.9,3.6,4.0,3.9,4.1,315
60,20,Graphic Era,64, ₹ 5.45 Lakh , ₹ 5.00 Lakh,4.1,3.9,4.4,4.3,4.3,3.9,504
61,21,NIT Raipur - National Institute of Technology,65, ₹ 7.60 Lakh , ₹ 5.00 Lakh,3.8,3.8,3.4,3.8,4.0,3.9,409
62,22,NIT Srinagar - National Institute of Technology,66, ₹ 6.25 Lakh , ₹ 3.34 Lakh,3.8,3.5,3.8,3.8,4.0,3.8,226
63,23,Ramaiah Institute of Technology,67, ₹ 5.50 Lakh , ₹ 8.00 Lakh,4.2,4.1,4.3,4.1,4.3,4.1,344
64,24,IIT Palakkad - Indian Institute of Technology,68, ₹ 9.00 Lakh , ₹ 17.00 Lakh,3.9,3.9,3.9,4.4,3.8,3.8,8
65,25,IIIT Delhi - Indraprastha Institute of Information Technology,69, ₹ 17.00 Lakh , ₹ 5.77 Lakh,4.5,4.5,4.7,4.6,4.4,4.2,108
66,26,MANIT - Maulana Azad National Institute of Technology,70, ₹ 8.00 Lakh , ₹ 3.62 Lakh,4.0,4.0,3.8,3.7,4.4,4.1,504
67,27,"College of Engineering, Pune",72, ₹ 8.12 Lakh , ₹ 2.00 Lakh,4.3,4.3,4.3,4.0,4.4,4.4,291
68,28,SKCET - Sri Krishna College of Engineering and Technology,73, ₹ 5.00 Lakh , ₹ 7.32 Lakh,4.3,4.1,4.6,4.1,4.5,4.0,113
69,29,Guru Gobind Singh Indraprastha University,74, ₹ 13.60 Lakh,,3.9,3.4,4.0,3.9,4.0,4.0,389
70,30,"Manipal University, Jaipur",75, ₹ 4.50 Lakh , ₹ 1.58 Lakh,4.1,3.5,4.8,4.1,4.6,3.6,473
71,31,"College of Engineering, Andhra University",77, ₹ 5.50 Lakh , ₹ 6.50 Lakh,4.0,3.5,3.8,4.0,4.3,4.2,218
72,32,IIITM Gwalior - Indian Institute of Information Technology and Management,78, ₹ 19.99 Lakh ,,3.9,3.9,4.3,3.5,3.9,4.0,67
73,33,Netaji Subhas University of Technology,79, ₹ 3.22 Lakh, ₹ 13.00 Lakh ,3.9,4.2,3.7,3.7,3.9,4.1,663
74,34,NIT Agartala - National Institute of Technology,80, ₹ 5.00 Lakh, ₹ 6.00 Lakh ,4.1,3.8,4.4,3.7,4.2,4.1,218
75,35,IIIT Bangalore - International Institute of Information Technology,81, ₹ 22.40 Lakh, ₹ 20.10 Lakh ,4.6,4.9,4.8,4.8,4.3,4.3,12
76,36,IIITDM Jabalpur - Indian Institute of Information Technology Design and Manufacturing,82, ₹ 5.22 Lakh, ₹ 8.00 Lakh ,4.2,3.8,4.3,4.1,4.3,4.4,172
77,37,BMS College of Engineering,83, ₹ 38.00 Lakh, ₹ 8.00 Lakh ,4.2,4.2,4.1,4.2,4.4,4.3,281
78,38,Vel Tech Rangarajan Dr. Sagunthala R and D Institute of Science and Technology,84, ₹ 10.00 Lakh, ₹ 4.20 Lakh ,4.0,3.9,4.1,3.9,4.1,4.0,334
79,39,Thiagarajar College of Engineering,85," ₹ 68,800", ₹ 4.50 Lakh ,4.3,4.2,4.1,4.3,4.5,4.5,121
80,0,Indian Institute of Food Processing Technology,86, ₹ 5.13 Lakh, ₹ 3.30 Lakh ,4.1,3.3,4.7,4.3,4.1,4.3,20
81,1,"Punjab Engineering College, Chandigarh",87, ₹ 7.04 Lakh, ₹ 9.00 Lakh ,4.0,4.1,3.6,3.7,4.4,4.1,281
82,2,NIT Goa - National Institute of Technology,88, ₹ 5.00 Lakh, ₹ 6.50 Lakh ,3.7,3.9,3.0,4.0,3.6,3.8,44
83,3,R.V. College of Engineering,89, ₹ 3.34 Lakh, ₹ 8.00 Lakh ,4.2,4.5,4.0,3.9,4.2,4.2,330
84,4,NIT Jamshedpur - National Institute of Technology,90, ₹ 5.00 Lakh, ₹ 7.50 Lakh ,4.0,4.4,3.6,3.6,4.2,4.1,468
85,5,SR Engineering College,91, ₹ 4.37 Lakh, ₹ 4.50 Lakh ,3.9,3.7,4.1,4.0,4.1,3.7,162
86,6,Panjab University (PUCHD),92, ₹ 3.58 Lakh, ₹ 5.00 Lakh ,3.9,3.4,3.6,3.9,4.2,4.1,822
87,7,IIIT Allahabad - Indian Institute of Information Technology,93, ₹ 6.20 Lakh, ₹ 20.00 Lakh ,4.4,4.7,4.4,3.9,4.2,4.6,166
88,8,JIIT - Jaypee Institute of Information Technology,94, ₹ 8.77 Lakh, ₹ 5.00 Lakh ,3.9,3.9,3.9,3.7,4.1,3.7,671
89,9,Rajalakshmi Engineering College,95, ₹ 2.00 Lakh, ₹ 3.00 Lakh ,4.4,4.4,4.3,4.4,4.5,4.3,378
90,10,The NorthCap University,96, ₹ 10.72 Lakh, ₹ 4.00 Lakh ,3.9,3.6,4.3,4.0,4.1,3.6,315
91,11,Siddaganga Institute of Technology,97, ₹ 3.34 Lakh, ₹ 6.00 Lakh ,4.0,4.0,4.1,3.8,4.0,3.9,273
92,12,C. V. Raman Global University,98, ₹ 7.10 Lakh, ₹ 4.70 Lakh ,4.0,3.7,4.2,4.0,4.1,3.8,400
93,13,"Vignan's Foundation for Science, Technology and Research",99, ₹ 10.40 Lakh, ₹ 4.60 Lakh ,4.1,3.9,4.2,4.2,4.4,3.9,481
94,14,PES University,100, ₹ 16.00 Lakh, ₹ 7.30 Lakh ,4.0,4.1,4.0,4.0,3.9,3.9,417
95,15,Shri Mata Vaishno Devi University,101, ₹ 5.28 Lakh, ₹ 3.60 Lakh ,3.8,3.2,4.3,3.6,4.0,3.6,71
96,16,Crescent School of Life Sciences (B.S.Abdur Rahman University),102, ₹ 1.50 Lakh,,4.6,4.2,4.6,4.7,4.7,4.5,31
97,17,"GITAM School of Technology, Visakhapatnam",102, ₹ 9.78 Lakh, ₹ 3.96 Lakh ,4.0,3.9,4.4,3.9,4.3,3.6,605
98,18,Coimbatore Institute of Technology,104, ₹ 1.01 Lakh, ₹ 4.50 Lakh ,4.0,4.1,3.4,4.1,4.2,4.3,108
99,19,Manav Rachna International Institute of Research & Studies,105, ₹ 6.46 Lakh, ₹ 4.25 Lakh ,3.9,3.4,4.4,4.0,4.0,3.6,345
100,20,Karunya Institute of Technology and Sciences,107, ₹ 8.24 Lakh, ₹ 2.80 Lakh ,4.0,3.7,4.4,3.9,4.1,3.7,285
101,21,Kumaraguru College of Technology,108, ₹ 2.00 Lakh, ₹ 4.00 Lakh ,4.2,3.9,4.5,4.0,4.6,4.2,111
102,22,NIT Manipur - National Institute of Technology,108, ₹ 5.00 Lakh, ₹ 6.40 Lakh ,3.2,3.1,2.8,3.3,3.5,3.5,24
103,23,College of Engineering Trivandrum,110, ₹ 1.13 Lakh, ₹ 5.75 Lakh ,4.5,4.3,4.4,4.1,4.7,4.8,155
104,24,Veer Surendra Sai University of Technology,111, ₹ 1.52 Lakh,,4.0,3.7,3.6,3.9,4.2,4.3,294
105,25,"IIIT Guwahati - Indian Institute of Information Technology, Assam",112, ₹ 10.00 Lakh, ₹ 9.00 Lakh ,4.0,4.1,4.0,4.4,3.8,3.7,32
106,26,VNR Vignana Jyothi Institute of Engineering and Technology,113, ₹ 5.24 Lakh, ₹ 4.01 Lakh ,4.4,4.4,4.4,4.3,4.5,4.3,558
107,27,"Amity University, Gurugram",114, ₹ 14.30 Lakh, ₹ 4.00 Lakh ,4.3,4.0,4.6,4.4,4.4,4.0,409
108,28,"Jain Deemed-to-be University, Bangalore",115,,,3.9,3.9,3.8,4.1,4.1,3.6,371
109,29,"MIT WPU - World Peace University, Pune",116, ₹ 14.00 Lakh, ₹ 4.50 Lakh ,4.0,3.8,4.2,4.0,4.3,3.7,574
110,30,"University College of Engineering, Osmania University",117, ₹ 2.00 Lakh, ₹ 6.60 Lakh ,4.2,4.0,4.1,4.1,4.5,4.5,151
111,31,KEC - Kongu Engineering College,118, ₹ 2.00 Lakh, ₹ 4.00 Lakh ,4.2,4.1,4.4,4.1,4.4,4.2,168
112,32,Veermata Jijabai Technological Institute - VJTI Mumbai,119," ₹ 60,000", ₹ 7.54 Lakh ,4.1,4.5,3.4,3.7,4.3,4.4,195
113,33,Dayalbagh Educational Institute [DEI],120," ₹ 27,840", ₹ 4.40 Lakh ,4.0,3.5,3.6,4.2,3.9,4.6,358
114,34,NHCE Bangalore - New Horizon College of Engineering,121, ₹ 10.00 Lakh, ₹ 6.50 Lakh ,4.1,3.9,4.3,4.0,4.3,3.7,221
115,35,Sri Krishna College of Technology [SKCT],122, ₹ 2.00 Lakh, ₹ 5.30 Lakh ,4.3,4.1,4.5,4.3,4.5,4.1,118
116,36,Tezpur University,123, ₹ 2.16 Lakh, ₹ 4.25 Lakh ,4.1,3.0,4.5,4.1,4.6,4.3,118
117,37,PSG Institute of Technology and Applied Research,124, ₹ 2.00 Lakh, ₹ 5.50 Lakh ,4.3,4.3,4.6,4.2,4.2,4.4,18
118,38,Shoolini University,125, ₹ 9.20 Lakh, ₹ 4.28 Lakh ,4.3,4.1,4.5,4.4,4.5,4.2,492
119,39,NIFTEM - National Institute of Food Technology Entrepreneurship and Management,127, ₹ 6.06 Lakh, ₹ 10.03 Lakh ,4.1,3.9,4.7,3.9,4.0,3.8,62
120,0,NIT Hamirpur - National Institute of Technology,128, ₹ 5.00 Lakh, ₹ 6.50 Lakh ,4.2,3.7,4.5,3.8,4.5,4.2,301
121,1,Mepco Schlenk Engineering College,129, ₹ 2.00 Lakh, ₹ 4.00 Lakh ,3.9,3.6,4.3,3.9,3.7,3.9,59
122,2,"Jawaharlal Nehru Technological University, Kakinada",129, ₹ 1.80 Lakh, ₹ 4.00 Lakh ,3.8,3.5,3.7,3.8,4.0,4.1,438
123,3,"College of Engineering, Bharati Vidyapeeth",131, ₹ 5.00 Lakh, ₹ 3.80 Lakh ,3.8,3.6,3.9,3.7,4.2,3.9,235
124,4,NIT Uttarakhand - National Institute of Technology,131, ₹ 5.00 Lakh, ₹ 6.00 Lakh ,3.1,2.8,2.2,3.5,3.3,3.3,56
125,5,"Amity University, Jaipur",133, ₹ 8.72 Lakh, ₹ 3.60 Lakh ,4.0,3.5,4.5,3.9,4.4,3.7,261
126,6,Dhirubhai Ambani Institute of Information and Communication Technology,134, ₹ 5.55 Lakh, ₹ 13.50 Lakh ,4.4,4.6,4.2,4.3,4.6,4.4,116
127,7,"NMIMS University, Mumbai",135, ₹ 4.50 Lakh , ₹ 5.00 Lakh,4.1,3.9,4.2,4.3,4.1,3.8,790
128,8,NIT Puducherry - National Institute of Technology,136,, ₹ 6.00 Lakh ,3.4,3.5,3.3,3.5,3.1,3.8,32
129,9,PES College of Engineering,137, ₹ 1.75 Lakh, ₹ 4.00 Lakh ,3.8,3.4,4.0,3.8,4.0,4.0,129
130,10,Jaypee University of Information Technology,138, ₹ 10.40 Lakh, ₹ 4.00 Lakh ,3.7,3.3,4.3,3.6,3.8,3.4,166
131,11,"Chandigarh Group of Colleges (CGC), Landran",139, ₹ 3.86 Lakh, ₹ 4.20 Lakh ,4.3,4.3,4.2,4.1,4.4,4.2,1266
132,12,Anurag University,140, ₹ 5.00 Lakh, ₹ 3.75 Lakh ,4.1,3.9,4.4,4.1,4.2,4.0,329
133,13,Velagapudi Ramakrishna Siddhartha Engineering College,141, ₹ 2.65 Lakh, ₹ 4.00 Lakh ,4.3,4.2,4.2,4.2,4.4,4.2,499
134,14,Vishwakarma Institute of Technology,142, ₹ 6.26 Lakh, ₹ 4.50 Lakh ,3.9,4.1,3.4,4.2,4.0,3.9,313
135,15,"J. C. Bose University of Science and Technology, YMCA",143, ₹ 2.45 Lakh, ₹ 4.50 Lakh ,3.7,3.7,3.2,3.7,3.6,4.1,589
136,16,Noida Institute of Engineering and Technology (NIET),145, ₹ 5.12 Lakh, ₹ 4.52 Lakh ,4.0,4.2,3.7,4.1,3.9,4.1,751
137,17,Shri Ramdeobaba College of Engineering and Management,146, ₹ 5.57 Lakh, ₹ 4.60 Lakh ,4.0,4.1,3.9,4.1,4.2,4.0,353
138,18,Galgotias University,147, ₹ 5.96 Lakh, ₹ 3.65 Lakh ,3.9,3.9,3.9,4.0,4.1,3.8,1362
139,19,Gokaraju Rangaraju Institute of Engineering and Technology,148, ₹ 4.88 Lakh, ₹ 4.02 Lakh ,4.4,4.4,4.5,4.3,4.4,4.3,638
140,20,MSU - The Maharaja Sayajirao University of Baroda,149, ₹ 3.73 Lakh , ₹ 1.42 Lakh,4.1,3.8,3.9,4.2,4.3,4.4,525
141,21,National Institute of Foundry and Forge Technology,150,, ₹ 5.05 Lakh ,4.2,4.3,4.2,3.9,3.9,4.7,80
142,22,Pondicherry Engineering College - PEC,150, ₹ 2.26 Lakh, ₹ 5.00 Lakh ,4.0,3.9,3.8,4.1,4.1,4.0,119
143,23,Hindustan Institute of Technology and Science,152, ₹ 9.30 Lakh, ₹ 4.50 Lakh ,3.6,3.1,3.9,3.7,3.9,3.5,253
144,24,"Amity University, Gwalior",153, ₹ 7.26 Lakh, ₹ 4.00 Lakh ,4.3,3.9,4.7,4.3,4.4,4.1,218
145,25,R.M.K. Engineering College,154, ₹ 2.00 Lakh, ₹ 5.00 Lakh ,4.1,4.1,4.3,4.1,3.8,4.0,186
146,26,Mahindra University,154, ₹ 18.00 Lakh, ₹ 6.50 Lakh ,4.3,3.9,4.8,4.4,4.6,3.9,25
147,27,"Saveetha Institute of Medical and Technical Sciences, Poonamallee",156, ₹ 5.00 Lakh,,4.0,4.0,4.3,4.0,4.0,3.8,4
148,28,Sri Sai Ram Engineering College,157, ₹ 2.00 Lakh, ₹ 4.20 Lakh ,3.8,3.8,3.9,4.0,3.6,3.6,104
149,29,"Sri Jayachamarajendra College of Engineering (SJCE Mysore), JSS STU",158, ₹ 3.61 Lakh, ₹ 6.00 Lakh ,4.2,4.1,4.1,3.9,4.6,4.3,134
150,30,"VELS Institute of Science, Technology and Advanced Studies (VISTAS)",159, ₹ 4.98 Lakh, ₹ 3.15 Lakh ,3.8,3.4,3.7,3.9,4.0,3.7,96
151,31,Government College of Technology (GCT),160, ₹ 2.00 Lakh, ₹ 6.00 Lakh ,4.2,4.0,3.7,4.2,4.3,4.8,93
152,32,"Silicon Institute of Technology, Bhubaneswar",161, ₹ 4.23 Lakh,,4.0,3.9,3.7,4.3,4.0,3.9,121
153,33,Vardhaman College of Engineering,162, ₹ 5.00 Lakh, ₹ 5.00 Lakh ,4.1,4.0,4.4,4.0,4.0,4.0,315
154,34,"G.H. Raisoni College of Engineering, Nagpur",163, ₹ 5.60 Lakh, ₹ 3.80 Lakh ,4.0,3.8,4.0,4.1,4.1,3.8,327
155,35,Sree Vidyanikethan Engineering College,165, ₹ 2.80 Lakh, ₹ 4.50 Lakh ,4.2,4.1,4.4,4.1,4.3,4.1,573
156,36,"Chaitanya Bharathi Institute of Technology, Hyderabad",166, ₹ 5.60 Lakh, ₹ 5.00 Lakh ,4.1,4.2,3.9,4.1,4.4,3.9,488
157,37,Sardar Patel Institute of Technology,167, ₹ 5.91 Lakh, ₹ 8.50 Lakh ,4.2,4.5,3.9,3.9,4.3,4.2,100
158,38,Rabindranath Tagore University,167, ₹ 1.80 Lakh, ₹ 4.80 Lakh ,3.6,3.1,3.9,4.0,3.7,3.5,24
159,39,National Engineering College,169, ₹ 2.00 Lakh, ₹ 3.60 Lakh ,4.2,4.2,4.3,4.0,4.1,4.2,22
160,0,CVR College of Engineering,170, ₹ 4.60 Lakh, ₹ 4.50 Lakh ,4.2,4.3,4.1,4.2,4.2,4.2,389
161,1,NIT Arunachal Pradesh - National Institute of Technology,171, ₹ 5.00 Lakh, ₹ 6.50 Lakh ,3.6,3.3,3.6,3.8,3.5,3.6,24
162,2,Army Institute of Technology,172, ₹ 6.76 Lakh, ₹ 7.60 Lakh ,4.1,4.4,3.9,3.8,4.3,4.0,250
163,3,NIT Sikkim - National Institute of Technology,173, ₹ 5.00 Lakh, ₹ 7.11 Lakh ,3.8,3.8,3.5,3.9,3.9,3.9,38
164,4,Sona College of Technology,174, ₹ 2.00 Lakh, ₹ 4.50 Lakh ,4.1,3.6,4.4,4.1,4.4,3.9,73
165,5,NMAM Institute of Technology,175, ₹ 3.34 Lakh, ₹ 5.25 Lakh ,3.9,3.5,3.9,4.0,4.1,3.8,29
166,6,Chennai Institute of Technology,175, ₹ 2.00 Lakh, ₹ 3.60 Lakh ,4.4,4.6,4.1,4.4,4.4,4.4,122
167,7,Indira Gandhi Delhi Technical University for Women (IGDTUW),177, ₹ 4.90 Lakh, ₹ 15.00 Lakh ,4.0,4.4,3.4,4.0,4.0,4.4,151
168,8,Sant Longowal Institute of Engineering and Technology,178, ₹ 3.50 Lakh , ₹ 8.19 Lakh,4.0,3.3,4.4,3.8,4.2,4.4,217
169,9,DIT University,179,, ₹ 4.50 Lakh ,3.8,3.5,4.2,3.8,4.1,3.6,446
170,10,"CMR Institute of Technology, Bangalore",180, ₹ 3.34 Lakh, ₹ 5.00 Lakh ,4.1,4.0,4.1,4.2,4.1,3.9,313
171,11,SRM Easwari Engineering College,181, ₹ 2.00 Lakh, ₹ 5.00 Lakh ,4.2,4.2,4.1,4.3,4.4,4.0,154
172,12,Rajiv Gandhi Institute of Petroleum Technology,182, ₹ 9.61 Lakh, ₹ 10.00 Lakh ,4.3,4.1,4.6,4.3,4.1,4.3,71
173,13,NITTE Meenakshi Institute of Technology,183, ₹ 13.00 Lakh, ₹ 6.00 Lakh ,3.9,3.7,3.8,3.9,4.1,3.8,262
174,14,IIITDM Kancheepuram - Indian Institute of Information Technology Design & Manufacturing,184, ₹ 5.28 Lakh, ₹ 8.89 Lakh ,4.2,3.5,4.6,4.3,4.3,4.2,42
175,15,"Yeshwantrao Chavan College of Engineering, Nagar Yuwak Shikshan Sanstha",185, ₹ 6.55 Lakh, ₹ 4.50 Lakh ,3.8,3.6,4.0,3.8,4.1,3.6,305
176,16,"Institute of Engineering and Technology, GLA University",186, ₹ 3.50 Lakh , ₹ 4.48 Lakh,4.1,4.2,4.2,4.1,4.0,4.0,600
177,17,KIET Group of Institutions (KIET),187,, ₹ 4.20 Lakh ,4.2,4.1,4.2,4.2,4.2,4.2,954
178,18,GMR Institute of Technology - GMRIT,188, ₹ 2.64 Lakh, ₹ 3.60 Lakh ,4.0,3.8,4.4,3.9,4.2,3.8,391
179,19,Christ - Kengeri Campus,189, ₹ 7.00 Lakh, ₹ 4.55 Lakh ,3.9,3.1,4.6,4.0,4.2,3.7,84
180,20,Institute of Infrastructure Technology Research and Management,190, ₹ 5.88 Lakh, ₹ 3.36 Lakh ,3.8,3.7,3.9,4.1,3.3,3.9,53
181,21,"Maharishi Markandeshwar University, Mullana",191, ₹ 9.47 Lakh, ₹ 3.80 Lakh ,4.0,3.6,4.2,4.1,4.2,3.8,313
182,22,Galgotias College of Engineering and Technology,192, ₹ 2.20 Lakh, ₹ 3.60 Lakh ,4.1,4.0,3.9,4.1,4.2,4.0,329
183,23,Dr. D. Y. Patil Institute Of Technology,193, ₹ 3.90 Lakh, ₹ 2.76 Lakh ,4.3,4.4,4.3,4.3,4.1,4.3,200
184,24,NIT Delhi - National Institute of Technology,194, ₹ 5.00 Lakh, ₹ 8.00 Lakh ,3.8,4.2,3.3,3.7,3.4,4.2,85
185,25,G.L. Bajaj Institute of Technology and Management,195, ₹ 2.20 Lakh, ₹ 1.75 Lakh,4.0,4.2,3.9,4.1,3.9,4.1,764
186,26,KLE Technological University,196,, ₹ 4.50 Lakh ,4.3,4.2,4.4,4.1,4.5,4.3,189
187,27,Dwarkadas J. Sanghvi College of Engineering,197, ₹ 6.75 Lakh, ₹ 6.00 Lakh ,4.1,4.0,4.2,4.0,4.4,4.0,165
188,28,"Sri Venkateswara College of Engineering and Technology, Chittoor",198, ₹ 1.92 Lakh, ₹ 4.84 Lakh ,3.7,3.2,3.8,3.7,4.0,3.6,167
189,29,BMS Institute of Technology and Management,199, ₹ 8.00 Lakh, ₹ 4.05 Lakh ,4.1,4.1,4.1,4.0,4.1,4.1,183
190,30,Vidya Jyothi Institute of Technology,200, ₹ 4.60 Lakh, ₹ 3.81 Lakh ,3.9,3.7,4.0,3.9,4.0,3.9,201
191,31,Annamalai University,201-250, ₹ 2.15 Lakh, ₹ 2.80 Lakh ,3.6,2.9,3.6,3.9,3.8,3.8,118
192,32,B.N.M Institute of Technology,201-250, ₹ 3.34 Lakh, ₹ 4.50 Lakh ,3.5,3.5,3.3,4.0,3.2,3.6,107
193,33,BVRIT Hyderabad College of Engineering for Women,201-250, ₹ 3.60 Lakh, ₹ 4.50 Lakh ,4.7,4.7,4.6,4.7,4.6,4.6,153
194,34,"Centurion University of Technology and Management, Paralakhemundi",201-250, ₹ 5.00 Lakh, ₹ 3.20 Lakh ,3.8,3.3,4.0,4.1,4.0,3.7,216
195,35,CMR College of  Engineering and Technology,201-250, ₹ 4.00 Lakh, ₹ 3.80 Lakh ,4.1,4.1,4.2,4.0,4.2,4.0,340
196,36,CMR Institute of Technology,201-250, ₹ 3.60 Lakh, ₹ 4.23 Lakh ,4.2,4.2,4.1,4.2,4.3,4.1,282
197,37,CMR Technical Campus,201-250, ₹ 3.20 Lakh, ₹ 3.50 Lakh ,4.1,4.0,4.4,4.0,4.2,4.0,273
198,38,College of Technology and Engineering,201-250, ₹ 1.96 Lakh, ₹ 4.20 Lakh ,3.9,3.5,4.0,3.9,4.0,3.9,220
199,39,Dr. B.C. Roy Engineering College,201-250, ₹ 3.32 Lakh, ₹ 3.80 Lakh ,3.7,3.3,3.9,3.8,3.9,3.7,295
200,0,GITA - Gandhi Institute for Technological Advancement,201-250, ₹ 4.28 Lakh, ₹ 4.50 Lakh ,4.2,3.9,4.2,4.4,4.2,4.2,171
201,1,Godavari Institute of Engineering and Technology,201-250, ₹ 2.35 Lakh, ₹ 3.83 Lakh ,4.0,3.7,4.1,3.9,4.3,3.9,328
202,2,"Government Engineering College, Thrissur",201-250," ₹ 48,780", ₹ 4.50 Lakh ,4.4,4.2,4.2,4.2,4.7,4.7,80
203,3,Guru Nanak Institute of Technology - GNIT,201-250, ₹ 4.08 Lakh, ₹ 3.90 Lakh ,4.4,4.1,4.4,4.4,4.6,4.2,332
204,4,Heritage Institute of Technology,201-250, ₹ 3.93 Lakh, ₹ 3.80 Lakh ,4.1,3.7,4.3,4.0,4.3,4.1,505
205,5,Institute of Aeronautical Engineering,201-250, ₹ 3.60 Lakh, ₹ 5.50 Lakh ,4.0,4.0,4.1,4.0,4.1,4.0,365
206,6,Institute of Engineering and Management,201-250, ₹ 4.12 Lakh, ₹ 4.01 Lakh ,3.9,4.2,3.3,4.2,3.4,4.1,540
207,7,"International Institute of Information Technology, Bhubaneswar",201-250, ₹ 5.00 Lakh ,,3.9,3.9,3.9,3.8,4.2,3.8,148
208,8,JIS College of Engineering,201-250, ₹ 4.08 Lakh, ₹ 4.02 Lakh ,4.1,3.8,4.2,4.3,4.3,4.0,511
209,9,"JNTUA College of Engineering, Ananthapuramu",201-250," ₹ 40,000", ₹ 3.62 Lakh ,3.8,3.4,3.7,3.6,4.2,4.0,237
210,10,Kakatiya Institute of Technology and Science,201-250, ₹ 5.00 Lakh, ₹ 4.33 Lakh ,4.1,3.9,4.3,4.1,4.4,4.0,264
211,11,KPR Institute of Engineering and Technology,201-250, ₹ 2.00 Lakh, ₹ 4.00 Lakh ,4.4,4.2,4.6,4.3,4.4,4.3,105
212,12,Dr. M.G.R. Educational and Research Institute,201-250, ₹ 3.20 Lakh, ₹ 4.50 Lakh ,3.6,3.0,3.9,3.6,3.8,3.5,153
213,13,Maharaja Agrasen Institute of Technology,201-250, ₹ 5.53 Lakh, ₹ 8.15 Lakh ,3.7,3.6,3.7,3.8,3.8,3.8,717
214,14,"Cummins College of Engineering for Women, Pune",201-250, ₹ 7.00 Lakh, ₹ 7.25 Lakh ,4.2,4.5,3.9,4.1,4.3,4.1,69
215,15,Malla Reddy Engineering College,201-250, ₹ 4.12 Lakh, ₹ 3.40 Lakh ,4.0,3.8,4.1,4.0,4.2,3.9,322
216,16,Maulana Abul Kalam Azad University of Technology [MAKAUT],201-250, ₹ 2.20 Lakh, ₹ 4.00 Lakh ,3.9,3.5,4.1,4.1,3.9,4.0,57
217,17,NIT - Narula Institute of Technology,201-250, ₹ 4.70 Lakh, ₹ 4.50 Lakh ,4.1,4.0,4.1,4.3,4.2,4.1,462
218,18,NIT Nagaland - National Institute of Technology,201-250, ₹ 5.00 Lakh, ₹ 10.61 Lakh ,4.0,4.0,4.0,4.0,4.1,4.0,21
219,19,North Eastern Regional Institute of Science and Technology (NERIST),201-250," ₹ 22,000", ₹ 4.00 Lakh ,3.5,2.6,3.1,3.5,3.9,4.4,32
220,20,BV Raju Institute of Technology,201-250, ₹ 4.80 Lakh, ₹ 4.00 Lakh ,4.3,4.3,4.5,4.2,4.6,4.2,264
221,21,Panimalar Engineering College,201-250, ₹ 2.00 Lakh, ₹ 4.02 Lakh ,4.0,3.8,4.5,4.0,3.8,4.0,205
222,22,Prasad V Potluri Siddhartha Institute of Technology,201-250, ₹ 2.80 Lakh, ₹ 3.50 Lakh ,4.0,3.9,3.9,4.1,4.1,4.0,149
223,23,R.M.K. College of Engineering and Technology,201-250, ₹ 2.00 Lakh, ₹ 4.30 Lakh ,3.6,3.6,3.8,3.7,3.4,3.7,21
224,24,RVR and JC College of Engineering,201-250, ₹ 2.78 Lakh, ₹ 3.60 Lakh ,4.2,4.0,4.4,4.2,4.4,4.2,401
225,25,R.M.D. Engineering College,201-250, ₹ 2.00 Lakh, ₹ 4.76 Lakh ,4.0,4.2,4.1,4.1,3.7,4.1,40
226,26,RSET - Rajagiri School of Engineering and Technology,201-250, ₹ 3.00 Lakh, ₹ 4.00 Lakh ,4.0,4.2,4.4,3.9,3.6,3.9,81
227,27,Rajalakshmi Institute of Technology,201-250, ₹ 2.00 Lakh, ₹ 4.15 Lakh ,4.1,4.2,3.8,4.1,4.0,4.1,99
228,28,Rajeev Gandhi Memorial College of Engineering and Technology,201-250, ₹ 2.76 Lakh, ₹ 4.40 Lakh ,3.7,3.2,3.9,3.7,4.0,3.5,226
229,29,Shri G. S. Institute of Technology and Science,201-250, ₹ 2.68 Lakh, ₹ 5.30 Lakh ,3.9,3.8,3.5,3.9,3.9,4.1,306
230,30,Shri Vishnu Engineering College for Women,201-250, ₹ 2.80 Lakh, ₹ 3.80 Lakh ,4.7,4.7,4.8,4.7,4.8,4.6,123
231,31,"SMIT - Sikkim Manipal Institute of Technology, Sikkim Manipal University",201-250, ₹ 12.80 Lakh, ₹ 3.80 Lakh ,4.1,3.9,4.4,4.2,4.3,3.9,241
232,32,"SNS College of Technology, SNS Group of Institutions",201-250, ₹ 2.00 Lakh, ₹ 4.52 Lakh ,4.2,4.0,4.2,4.4,4.3,4.1,172
233,33,Sri Ramakrishna Engineering College,201-250, ₹ 2.00 Lakh, ₹ 4.44 Lakh ,3.9,4.0,3.5,3.9,4.0,4.1,119
234,34,Sri Sai Ram Institute of Technology,201-250, ₹ 2.20 Lakh, ₹ 2.00 Lakh,3.7,3.8,3.7,3.7,3.5,3.6,61
235,35,Sri Venkateswara College of Engineering and Technology,201-250,, ₹ 6.44 Lakh,1.4,1.0,3.0,1.0,1.0,1.0,193
236,36,The National Institute of Engineering,201-250,, ₹ 5.50 Lakh ,4.1,4.2,3.8,4.1,3.9,4.2,222
237,37,"University College of Engineering, Kakinada, Jawaharlal Nehru Technological University, Kakinada",201-250," ₹ 40,000", ₹ 4.00 Lakh ,3.8,3.6,3.8,3.7,4.1,4.1,141
238,38,Vignan Institute of Technology and Science,201-250, ₹ 3.72 Lakh, ₹ 3.40 Lakh,3.9,3.7,4.0,3.8,4.1,3.8,199
239,39,Walchand College of Engineering,201-250,, ₹ 6.00 Lakh ,4.2,4.5,4.0,4.1,4.4,4.2,
240,0,ABES Engineering College,251-300, ₹ 2.20 Lakh, ₹ 13.90 Lakh,4.0,3.9,4.2,4.0,4.0,3.9,926
241,1,Academy of Maritime Education and Training,251-300,, ₹ 3.50 Lakh ,3.6,3.4,3.4,4.0,3.7,3.5,85
242,2,Anil Neerukonda Institute of Technology and Sciences,251-300, ₹ 2.18 Lakh, ₹ 3.60 Lakh ,4.0,4.1,3.8,4.2,3.9,4.0,461
243,3,"Birsa Institute of Technology, Sindri",251-300," ₹ 30,928", ₹ 6.00 Lakh ,4.0,3.7,3.7,3.9,4.1,4.7,433
244,4,Basaveshwar Engineering College,251-300, ₹ 1.75 Lakh, ₹ 3.15 Lakh ,3.8,3.0,4.0,4.0,3.9,3.9,70
245,5,Dr. D.Y. Patil School Of Engineering,251-300, ₹ 3.55 Lakh, ₹ 6.00 Lakh ,3.6,2.6,4.1,3.5,3.9,3.6,17
246,6,E.G.S. Pillay Engineering College,251-300, ₹ 2.00 Lakh, ₹ 3.45 Lakh ,3.7,3.2,3.6,4.0,4.0,3.8,21
247,7,G.B. Pant Government Engineering College,251-300, ₹ 4.88 Lakh,,3.8,4.0,1.0,4.0,5.0,5.0,126
248,8,G.Narayanamma Institute of Technology and Science,251-300,, ₹ 6.37 Lakh ,4.4,4.5,4.4,4.3,4.4,4.3,221
249,9,G. Pulla Reddy Engineering College,251-300, ₹ 2.80 Lakh, ₹ 4.07 Lakh ,4.1,3.9,4.2,4.0,4.3,4.1,267
250,10,GIET University,251-300, ₹ 5.96 Lakh, ₹ 4.20 Lakh ,4.1,3.8,4.3,4.1,4.1,3.9,569
251,11,Gayatri Vidya Parishad College of Engineering,251-300, ₹ 2.76 Lakh, ₹ 4.10 Lakh ,4.0,4.2,3.6,4.1,3.9,4.0,588
252,12,HIT - Haldia Institute of Technology,251-300, ₹ 3.95 Lakh, ₹ 5.25 Lakh ,4.1,3.7,4.2,3.9,4.4,4.1,276
253,13,Integral University - IUL,251-300, ₹ 5.60 Lakh, ₹ 3.36 Lakh ,4.0,3.4,4.3,4.1,4.2,3.9,310
254,14,Rajarshi Shahu College of Engineering,251-300, ₹ 3.90 Lakh, ₹ 4.00 Lakh ,4.1,4.1,4.0,4.4,4.0,3.9,437
255,15,"JSS Academy of Technical Education, JSS Mahavidyapeetha, Noida",251-300, ₹ 2.20 Lakh, ₹ 4.21 Lakh ,3.7,3.3,3.8,3.7,4.0,3.7,196
256,16,K J Somaiya College of Engineering,251-300, ₹ 17.00 Lakh, ₹ 6.00 Lakh ,4.1,4.0,4.3,3.8,4.4,3.9,15
257,17,K. Ramakrishnan College of Technology,251-300, ₹ 2.00 Lakh, ₹ 4.10 Lakh ,4.1,4.0,4.1,4.1,4.3,4.1,27
258,18,Kalaignar Karunanidhi Institute of Technology - KKIT,251-300, ₹ 2.00 Lakh, ₹ 3.00 Lakh ,3.7,3.7,3.9,3.9,3.4,3.8,87
259,19,Karpagam College of Engineering,251-300, ₹ 2.00 Lakh, ₹ 3.15 Lakh ,3.9,4.2,3.7,4.0,4.0,3.9,231
260,20,Lakireddy Bali Reddy College of Engineering,251-300, ₹ 2.79 Lakh, ₹ 3.50 Lakh ,4.1,3.7,4.3,4.1,4.2,4.1,29
261,21,Lakshmi Narain College of Technology and Science,251-300, ₹ 3.92 Lakh, ₹ 4.50 Lakh ,4.2,4.3,3.7,4.3,4.0,4.6,268
262,22,Laxminarayan Institute of Technology,251-300,,,,,,,,,
263,23,Madan Mohan Malviya University of Technology,251-300, ₹ 3.45 Lakh, ₹ 4.00 Lakh ,3.9,3.5,3.9,3.8,4.2,4.0,383
264,24,Madanapalle Institute of Technology and Science,251-300, ₹ 2.79 Lakh, ₹ 4.10 Lakh ,4.3,4.2,4.3,4.4,4.4,4.2,267
265,25,Mahatma Gandhi Institute of Technology,251-300, ₹ 4.80 Lakh, ₹ 4.07 Lakh ,4.0,3.8,4.1,4.1,4.3,3.9,86
266,26,"Malla Reddy Institute of Engineering and Technology, Secunderabad",251-300, ₹ 2.40 Lakh, ₹ 3.50 Lakh ,3.8,3.4,3.8,4.0,4.1,3.9,241
267,27,Manav Rachna University [MRU],251-300, ₹ 4.80 Lakh, ₹ 4.00 Lakh ,3.9,3.6,4.3,3.9,4.1,3.7,14
268,28,Muthoot Institute of Technology and Science,251-300, ₹ 3.00 Lakh, ₹ 3.76 Lakh ,3.9,4.0,4.1,4.4,3.2,4.1,202
269,29,Narasaraopeta Engineering College,251-300, ₹ 2.42 Lakh, ₹ 3.64 Lakh ,4.0,3.7,4.1,4.1,4.1,3.9,84
270,30,NIT Andhra Pradesh - National Institute of Technology,251-300, ₹ 5.00 Lakh, ₹ 6.53 Lakh ,3.5,3.4,3.4,3.7,3.6,3.6,229
271,31,Pimpri Chinchwad College of Engineering,251-300, ₹ 5.20 Lakh, ₹ 4.00 Lakh ,4.1,4.3,4.0,4.1,3.9,4.2,93
272,32,Prof. Ram Meghe Institute of Technology and Research,251-300, ₹ 4.80 Lakh, ₹ 3.62 Lakh ,3.9,3.5,4.1,4.0,4.2,3.8,138
273,33,QIS College of Engineering & Technology,251-300, ₹ 1.47 Lakh, ₹ 5.50 Lakh ,3.8,3.5,3.7,3.9,4.1,3.7,150
274,34,RGPV - Rajiv Gandhi Proudyogiki Vishwavidyalaya,251-300, ₹ 1.60 Lakh, ₹ 3.50 Lakh ,3.6,3.2,3.6,3.4,3.7,4.1,228
275,35,Ramrao Adik Institute of Technology,251-300, ₹ 12.36 Lakh, ₹ 6.40 Lakh ,4.3,4.2,4.5,3.9,4.6,4.1,8
276,36,SDM Institute of Technology,251-300, ₹ 3.60 Lakh, ₹ 4.00 Lakh ,4.0,3.5,4.1,4.1,3.9,4.4,520
277,37,Sagi Rama Krishnam Raju Engineering College,251-300, ₹ 2.80 Lakh, ₹ 3.60 Lakh ,4.1,4.1,4.1,4.1,4.3,4.1,3
278,38,Sri Guru Granth Sahib World University,251-300, ₹ 3.92 Lakh, ₹ 2.50 Lakh ,3.4,3.0,4.3,3.0,3.7,3.0,136
279,39,St. Joseph's College of Engineering,251-300, ₹ 2.00 Lakh, ₹ 4.50 Lakh ,3.8,3.8,3.9,3.7,3.7,3.7,
280,0,IIM Ahmedabad - Indian Institute of Management,1, ₹ 16.99 Lakh, ₹ 27.60 Lakh ,4.6,4.5,4.6,4.6,4.5,4.7,33
281,1,IIM Bangalore - Indian Institute of Management,2, ₹ 24.50 Lakh, ₹ 25.00 Lakh ,4.8,4.9,4.7,4.7,4.8,4.8,25
282,2,IIM Calcutta - Indian Institute of Management,3, ₹ 27.67 Lakh ,,4.7,4.8,4.4,4.6,4.7,4.7,45
283,3,"Department of Management Studies, IIT Delhi",4, ₹ 10.40 Lakh, ₹ 16.20 Lakh ,4.4,4.3,4.5,4.4,4.4,4.7,39
284,4,IIM Kozhikode - Indian Institute of Management,5, ₹ 20.50 Lakh, ₹ 20.00 Lakh ,4.4,4.3,4.4,4.4,4.7,4.4,52
285,5,IIM Lucknow - Indian Institute of Management,6, ₹ 12.60 Lakh, ₹ 23.50 Lakh ,4.5,4.5,4.6,4.3,4.5,4.5,57
286,6,IIM Indore - Indian Institute of Management,7, ₹ 22.60 Lakh , ₹ 25.80 Lakh,4.4,4.2,4.5,4.4,4.5,4.2,198
287,7,XLRI Xavier School of Management,8, ₹ 23.00 Lakh , ₹ 11.33 Lakh,4.6,4.7,4.7,4.4,4.8,4.3,43
288,8,National Institute of Industrial Engineering,9, ₹ 19.50 Lakh , ₹ 9.14 Lakh,4.5,4.7,4.2,4.3,4.6,4.9,47
289,9,DoMS IIT Madras - Department of Management Studies,10, ₹ 13.00 Lakh , ₹ 4.00 Lakh,4.5,4.2,4.6,4.6,4.6,4.3,10
290,10,"Shailesh J. Mehta School of Management, IIT Bombay",11, ₹ 22.00 Lakh , ₹ 3.00 Lakh,4.6,4.5,4.7,4.4,4.7,4.8,68
291,11,IIT Kharagpur - Indian Institute of Technology,12, ₹ 19.20 Lakh , ₹ 24.20 Lakh,4.5,4.5,4.5,4.3,4.7,4.6,399
292,12,Management Development Institute,13, ₹ 23.00 Lakh ,,4.5,4.9,4.3,4.4,4.7,4.2,15
293,13,IIM Raipur - Indian Institute of Management,14,, ₹ 14.19 Lakh,4.1,4.0,4.0,4.2,4.2,4.1,102
294,14,IIM Ranchi - Indian Institute of Management,15, ₹ 14.80 Lakh , ₹ 4.00 Lakh,4.4,4.4,3.8,4.4,4.6,4.4,32
295,15,IIM Rohtak - Indian Institute of Management,16, ₹ 17.90 Lakh, ₹ 13.74 Lakh ,4.2,4.3,4.3,4.1,4.3,4.3,144
296,16,"Symbiosis Institute of Business Management, Symbiosis International, Pune",17, ₹ 22.20 Lakh, ₹ 20.80 Lakh ,4.4,4.4,4.7,4.1,4.7,4.2,80
297,17,IIM Trichy - Indian Institute of Management,18,, ₹ 16.50 Lakh,4.4,4.2,4.7,4.7,4.1,4.3,32
298,18,IIT Roorkee - Indian Institute of Technology,19, ₹ 14.60 Lakh , ₹ 4.00 Lakh,4.4,4.3,4.6,4.1,4.7,4.5,442
299,19,IIT Kanpur - Department of Industrial and Management Engineering,20, ₹ 9.78 Lakh , ₹ 2.80 Lakh,4.7,4.2,5.0,4.3,4.8,5.0,6
300,20,S.P. Jain Institute of Management & Research (SPJIMR),21, ₹ 12.10 Lakh , ₹ 20.42 Lakh,4.3,4.2,3.9,4.4,4.4,4.3,36
301,21,IIM Udaipur - Indian Institute of Management,22, ₹ 30.10 Lakh , ₹ 16.30 Lakh,4.3,4.2,4.1,4.6,4.4,4.2,61
302,22,IIM Kashipur - Indian Institute of Management,23, ₹ 13.00 Lakh , ₹ 14.88 Lakh,4.4,4.3,4.7,4.4,4.5,4.3,163
303,23,Indian Institute of Foreign Trade,24, ₹ 12.72 Lakh , ₹ 21.77 Lakh,4.4,4.6,4.0,4.4,4.4,4.3,45
304,24,"NMIMS School of Business Management, Mumbai",25, ₹ 24.00 Lakh , ₹ 18.04 Lakh,4.2,4.1,4.5,4.4,4.1,3.8,138
305,25,IIM Shillong - Indian Institute of Management,26, ₹ 16.00 Lakh , ₹ 17.50 Lakh ,3.8,3.8,3.3,3.5,4.3,3.8,24
306,26,"Amrita School of Business, Amrita Vishwa Vidyapeetham, Coimbatore",27, ₹ 10.50 Lakh, ₹ 5.21 Lakh ,4.1,3.9,4.3,4.4,4.2,3.9,49
307,27,"Amity University, Noida",28, ₹ 4.86 Lakh,,4.0,3.6,4.5,4.0,4.5,3.6,1529
308,28,Jamia Millia Islamia [JMI],29,, ₹ 5.00 Lakh ,4.3,3.6,4.4,4.3,4.3,4.7,552
309,29,"International Management Institute, New Delhi",30," ₹ 4,400", ₹ 6.00 Lakh ,4.1,4.2,3.6,4.6,4.3,3.9,212
310,30,"Great Lakes Institute of Management, Chennai",31, ₹ 17.32 Lakh, ₹ 12.15 Lakh ,4.3,3.9,4.7,4.7,4.4,3.9,73
311,31,IFHE Hyderabad - ICFAI Foundation For Higher Education,32, ₹ 17.25 Lakh, ₹ 1.80 Lakh,3.9,3.5,4.3,3.9,4.3,3.4,501
312,32,IIM Visakhapatnam - Indian Institute of Management,33, ₹ 15.05 Lakh, ₹ 12.00 Lakh ,4.3,4.2,4.4,4.6,4.1,4.4,39
313,33,LPU - Lovely Professional University,34, ₹ 7.60 Lakh, ₹ 6.15 Lakh ,4.3,4.0,4.6,4.1,4.5,4.1,3917
314,34,"Xavier School of Human Resource Management, Xavier University Bhubaneswar",35, ₹ 17.90 Lakh, ₹ 14.50 Lakh ,4.0,3.9,4.5,4.0,4.3,3.4,19
315,35,IIM Jammu - Indian Institute of Management,36, ₹ 15.56 Lakh, ₹ 10.00 Lakh ,4.0,4.0,3.5,4.2,4.0,4.0,69
316,36,GIM - Goa Institute of Management,36, ₹ 18.31 Lakh, ₹ 11.00 Lakh ,4.3,4.1,4.6,4.2,4.7,4.0,127
317,37,T.A. Pai Management Institute (TAPMI),38, ₹ 16.00 Lakh, ₹ 11.01 Lakh ,4.2,4.0,4.4,4.3,4.3,4.0,84
318,38,NIT Trichy - National Institute of Technology,39, ₹ 1.40 Lakh, ₹ 7.60 Lakh ,4.4,4.4,4.3,4.1,4.5,4.5,288
319,39,Chandigarh University (CU),40, ₹ 4.34 Lakh, ₹ 6.70 Lakh ,4.3,4.2,4.4,4.1,4.4,4.1,3159
320,0,UPES,41, ₹ 15.46 Lakh, ₹ 21.00 Lakh,3.9,3.7,4.3,4.0,4.1,3.5,909
321,1,MICA,42, ₹ 13.00 Lakh , ₹ 17.70 Lakh,4.4,4.2,4.5,4.2,4.8,4.2,33
322,2,IIM Nagpur - Indian Institute of Management,43, ₹ 13.00 Lakh ,,4.3,4.3,4.0,4.3,4.3,4.7,3
323,3,IMT Ghaziabad - Institute of Management Technology,44, ₹ 18.80 Lakh, ₹ 14.00 Lakh ,4.2,3.9,4.3,4.2,4.5,4.0,257
324,4,"Institute of Management, Nirma University",45, ₹ 9.52 Lakh, ₹ 9.25 Lakh ,3.9,3.6,4.4,3.7,4.1,3.7,158
325,5,IIT Dhanbad (ISM) - Indian Institute of Technology (ISM),46," ₹ 85,000", ₹ 6.10 Lakh ,4.2,4.1,4.1,3.9,4.3,4.4,367
326,6,KL (Deemed to be University),47, ₹ 5.60 Lakh, ₹ 3.91 Lakh ,4.1,4.2,4.3,4.2,4.1,3.8,389
327,7,BHU - Banaras Hindu University,50, ₹ 1.00 Lakh, ₹ 8.14 Lakh ,4.2,3.8,4.1,4.2,4.5,4.6,1059
328,8,Jaipuria Noida - Jaipuria Institute of Management,51, ₹ 13.50 Lakh, ₹ 6.97 Lakh ,4.0,3.9,4.1,4.2,4.0,3.8,448
329,9,"Great Lakes Institute of Management, Gurgaon",52, ₹ 11.76 Lakh, ₹ 9.00 Lakh ,4.3,4.0,4.3,4.8,4.1,4.2,49
330,10,LM Thapar School of Management,53, ₹ 7.29 Lakh, ₹ 5.90 Lakh ,4.1,3.8,4.7,4.2,4.1,3.9,51
331,11,"School of Management, BML Munjal University",54, ₹ 11.55 Lakh, ₹ 8.25 Lakh ,4.1,3.8,4.6,4.5,4.0,3.9,35
332,12,IIM Amritsar - Indian Institute of Management,55, ₹ 11.50 Lakh, ₹ 12.00 Lakh ,4.4,4.6,3.9,4.7,4.3,4.7,58
333,13,Birla Institute of Management Technology,56, ₹ 13.00 Lakh, ₹ 8.50 Lakh ,3.9,3.6,4.1,4.1,3.9,3.6,206
334,14,Aligarh Muslim University,57, ₹ 5.87 Lakh, ₹ 5.25 Lakh ,4.3,3.6,4.4,4.4,4.3,4.7,481
335,15,"Institute of Rural Management, Anand",58, ₹ 12.60 Lakh, ₹ 10.10 Lakh ,4.6,4.4,4.6,4.6,4.7,4.7,50
336,16,IMI Kolkata - International Management Institute,59, ₹ 10.50 Lakh, ₹ 8.71 Lakh ,4.3,4.0,4.7,4.4,4.4,4.0,76
337,17,FORE School of Management,60, ₹ 16.98 Lakh, ₹ 10.30 Lakh ,3.8,4.0,3.3,4.2,3.8,3.8,386
338,18,"IFMR Graduate school of Business, KREA University (IFMR GSB), Sricity",60, ₹ 14.21 Lakh, ₹ 9.90 Lakh ,4.0,3.9,3.9,4.2,4.0,3.8,92
339,19,Guru Gobind Singh Indraprastha University,62, ₹ 2.00 Lakh, ₹ 5.20 Lakh ,3.9,3.4,4.0,3.9,4.0,4.0,389
340,20,PSG College of Technology,63, ₹ 3.54 Lakh , ₹ 2.96 Lakh,4.4,4.4,4.2,4.2,4.4,4.6,197
341,21,IIITM Gwalior - Indian Institute of Information Technology and Management,64, ₹ 5.86 Lakh , ₹ 5.49 Lakh,3.9,3.9,4.3,3.5,3.9,4.0,67
342,22,Graphic Era,65,, ₹ 5.71 Lakh ,4.1,3.9,4.4,4.3,4.3,3.9,504
343,23,IIM Sambalpur - Indian Institute of Management,66, ₹ 10.50 Lakh, ₹ 10.35 Lakh ,4.3,4.2,4.1,4.8,3.9,4.3,15
344,24,"Prin. L. N. Welingkar Institute of Management Development and Research, Mumbai",68, ₹ 13.00 Lakh, ₹ 13.75 Lakh,4.0,3.6,4.3,4.1,4.1,3.7,204
345,25,IIM Sirmaur - Indian Institute of Management,69, ₹ 10.00 Lakh , ₹ 9.15 Lakh,4.1,4.0,3.8,4.3,4.1,4.1,71
346,26,IMI Bhubaneswar - International Management Institute,70, ₹ 8.91 Lakh , ₹ 16.62 Lakh,4.3,4.0,4.6,4.6,4.3,3.9,105
347,27,K J Somaiya Institute of Management,71, ₹ 9.00 Lakh , ₹ 8.20 Lakh,4.1,3.8,4.3,4.0,4.2,4.3,167
348,28,Christ University,72,, ₹ 7.20 Lakh ,4.2,3.9,4.5,4.1,4.5,4.2,1379
349,29,IIM Bodh Gaya - Indian Institute of Management,73, ₹ 9.09 Lakh, ₹ 10.00 Lakh ,4.0,4.2,3.5,4.2,3.8,4.3,96
350,30,Rajagiri Business School,74, ₹ 7.00 Lakh, ₹ 4.25 Lakh ,4.1,3.7,4.4,4.0,4.6,4.0,7
351,31,"Institute of Management Technology, Hyderabad",75, ₹ 11.30 Lakh, ₹ 8.50 Lakh ,4.3,4.1,4.4,4.4,4.3,4.1,64
352,32,Visvesvaraya Technological University,76," ₹ 11,940", ₹ 3.50 Lakh ,3.7,3.1,3.3,4.0,3.8,4.3,35
353,33,"Saveetha Institute of Medical and Technical Sciences, Poonamallee",77, ₹ 7.00 Lakh, ₹ 5.40 Lakh ,4.0,4.0,4.3,4.0,4.0,3.8,4
354,34,"Birla Institute of Technology, Mesra",78, ₹ 5.18 Lakh, ₹ 4.20 Lakh ,3.9,4.0,4.0,3.7,4.3,3.7,571
355,35,Jaipuria Lucknow - Jaipuria Institute of Management,78, ₹ 12.50 Lakh, ₹ 6.97 Lakh ,4.1,3.9,3.9,4.4,4.1,4.0,221
356,36,"Chitkara College of Sales and Marketing, Chitkara University, Chandigarh",80, ₹ 2.60 Lakh, ₹ 5.80 Lakh ,4.4,4.3,4.5,4.4,4.3,4.5,8
357,37,Jaipuria Jaipur - Jaipuria Institute of Management,81, ₹ 9.75 Lakh, ₹ 6.64 Lakh ,4.4,4.3,4.5,4.5,4.4,4.3,128
358,38,Jagan Institute of Management Studies,82, ₹ 8.70 Lakh, ₹ 7.10 Lakh ,4.1,4.0,3.9,4.4,4.0,4.1,445
359,39,"Bharathidasan Institute of Management, Trichy (BIM, Trichy)",83, ₹ 12.15 Lakh, ₹ 9.70 Lakh ,4.2,4.3,3.6,4.5,4.3,4.3,33
360,0,NIT Calicut - National Institute of Technology,84, ₹ 1.40 Lakh, ₹ 5.40 Lakh ,4.1,4.0,3.8,3.9,4.3,4.3,267
361,1,"Manipal University, Jaipur",85,, ₹ 8.67 Lakh,4.1,3.4,4.8,4.1,4.6,3.6,472
362,2,Loyola Institute of Business Administration,86, ₹ 3.86 Lakh , ₹ 13.14 Lakh,4.2,4.0,4.3,4.3,4.4,4.4,20
363,3,"Babasaheb Bhimrao Ambedkar University (BBAU), Lucknow",87,, ₹ 11.00 Lakh ,3.5,2.5,3.8,3.7,3.9,3.5,64
364,4,Dayalbagh Educational Institute [DEI],88, ₹ 1.80 Lakh, ₹ 5.70 Lakh ,4.0,3.5,3.6,4.2,3.9,4.6,358
365,5,"School of Petroleum Management, Pandit Deendayal Energy University",89, ₹ 3.50 Lakh , ₹ 8.33 Lakh,3.9,3.5,4.2,3.8,4.1,3.7,30
366,6,IIHMR University,90, ₹ 6.00 Lakh , ₹ 10.50 Lakh,4.3,3.8,4.8,4.5,4.6,4.1,26
367,7,Pune Institute of Business Management,91, ₹ 7.45 Lakh,,4.0,4.4,3.4,4.5,3.7,4.1,130
368,8,"Amity University, Gurugram",92,, ₹ 6.90 Lakh ,4.3,4.0,4.6,4.4,4.4,4.0,410
369,9,Galgotias University,93, ₹ 9.08 Lakh, ₹ 4.50 Lakh ,3.9,3.9,3.9,4.0,4.1,3.8,1364
370,10,UoH - University of Hyderabad,94, ₹ 3.18 Lakh, ₹ 3.20 Lakh ,4.4,3.8,4.3,4.3,4.7,4.7,58
371,11,IMT Nagpur - Institute of Management Technology,95, ₹ 6.00 Lakh , ₹ 12.04 Lakh,4.1,3.6,4.5,4.2,4.4,3.8,284
372,12,"CMS Business School, Jain Deemed-to-be University",96, ₹ 8.04 Lakh , ₹ 10.75 Lakh,4.3,4.1,4.1,4.6,4.6,4.0,23
373,13,Thiagarajar School of Management,96, ₹ 7.87 Lakh , ₹ 7.08 Lakh,4.3,3.9,4.4,4.4,4.2,4.4,70
374,14,"Alliance School of Business, Alliance University",98, ₹ 6.00 Lakh , ₹ 15.00 Lakh,4.0,3.5,4.6,4.1,4.1,3.5,114
375,15,"The Business School, University of Jammu",100, ₹ 7.00 Lakh , ₹ 4.80 Lakh ,4.1,3.4,3.8,4.4,4.2,4.8,18
376,16,Jamia Hamdard,100, ₹ 4.80 Lakh, ₹ 4.15 Lakh ,3.7,3.3,3.9,4.0,3.9,3.6,214
377,17,"Amity University, Jaipur",101-125, ₹ 7.00 Lakh, ₹ 3.91 Lakh ,4.0,3.5,4.5,3.9,4.3,3.7,262
378,18,"Amity University, Mumbai",101-125, ₹ 10.52 Lakh, ₹ 5.80 Lakh ,4.3,4.1,4.5,4.4,4.5,4.0,122
379,19,B.S. Abdur Rahman Crescent Institute of Science and Technology,101-125, ₹ 4.00 Lakh, ₹ 3.50 Lakh ,4.2,3.9,4.4,4.3,4.5,4.1,149
380,20,"Institute of Management and Entrepreneurship Development, Bharati Vidyapeeth",101-125, ₹ 4.50 Lakh, ₹ 6.00 Lakh ,4.3,4.2,4.1,4.5,4.2,4.4,247
381,21,Chandragupt Institute of Management,101-125, ₹ 7.65 Lakh, ₹ 5.00 Lakh ,3.9,3.9,4.4,3.8,3.5,4.1,10
382,22,GLA University,101-125, ₹ 4.35 Lakh,,4.1,4.1,4.2,4.2,4.1,4.0,921
383,23,GJUST-Guru Jambheshwar University of Science And Technology,101-125, ₹ 5.40 Lakh ,,3.9,3.8,4.1,4.0,4.0,3.8,989
384,24,Hindustan Institute of Technology and Science,101-125," ₹ 58,000",,3.6,3.1,3.9,3.7,3.9,3.5,253
385,25,IILM University,101-125, ₹ 3.00 Lakh , ₹ 4.58 Lakh,4.0,3.9,4.3,4.3,4.1,3.7,21
386,26,Indus Business Academy (IBA),101-125, ₹ 3.90 Lakh , ₹ 10.80 Lakh,4.3,4.2,4.2,4.6,4.3,4.3,94
387,27,IPE Hyderabad - Institute of Public Enterprise,101-125, ₹ 8.50 Lakh , ₹ 9.45 Lakh,4.2,3.9,4.7,4.2,4.4,3.9,78
388,28,Jaipuria Indore - Jaipuria Institute of Management,101-125, ₹ 5.80 Lakh, ₹ 8.75 Lakh,4.3,4.2,4.6,4.4,4.3,4.2,132
389,29,National Insurance Academy- NIA,101-125, ₹ 6.50 Lakh , ₹ 9.43 Lakh,4.4,4.6,4.4,4.1,4.4,4.5,17
390,30,New Delhi Institute of Management,101-125, ₹ 7.35 Lakh ,,3.8,3.8,3.6,4.2,3.7,3.8,302
391,31,"Prestige Institute of Management, Gwalior",101-125, ₹ 10.60 Lakh, ₹ 7.50 Lakh ,3.8,3.7,3.5,4.2,3.7,4.0,125
392,32,Reva University,101-125, ₹ 2.25 Lakh, ₹ 5.14 Lakh ,4.2,3.7,4.7,4.1,4.4,4.0,527
393,33,"School of Business Studies (SBS), Sharda University",101-125, ₹ 9.00 Lakh, ₹ 4.66 Lakh ,4.2,3.7,4.5,4.3,4.5,3.9,105
394,34,Shoolini University,101-125, ₹ 6.09 Lakh, ₹ 6.00 Lakh,4.3,4.1,4.5,4.4,4.5,4.2,493
395,35,Shri Mata Vaishno Devi University,101-125, ₹ 3.30 Lakh, ₹ 4.33 Lakh ,3.8,3.2,4.3,3.6,4.0,3.6,71
396,36,SKCET - Sri Krishna College of Engineering and Technology,101-125," ₹ 35,000", ₹ 5.50 Lakh ,4.3,4.1,4.6,4.1,4.5,4.0,113
397,37,St. Joseph's Institute of Management,101-125, ₹ 8.40 Lakh, ₹ 6.50 Lakh ,4.5,4.2,4.7,4.7,4.5,4.4,53
398,38,"Xavier Institute of Management and Entrepreneurship, Bangalore",101-125, ₹ 12.00 Lakh, ₹ 7.50 Lakh ,3.5,3.5,3.3,3.6,3.8,3.4,75
399,0,"All India Institute of Medical Sciences, Delhi",1," ₹ 6,075"," ₹ 6,440",4.6,4.5,4.4,4.6,4.6,4.7,48
400,1,"Postgraduate Institute of Medical Education and Research, Chandigarh",2, ₹ 7.53 Lakh ," ₹ 13,500",4.7,4.3,4.7,5.0,4.7,5.0,3
401,2,"Christian Medical College, Vellore",3, ₹ 1.80 Lakh ," ₹ 12,200",4.6,4.5,4.6,4.8,4.5,4.6,13
402,3,National Institute of Mental Health and Neurosciences,4, ₹ 1.34 Lakh, ₹ 11.00 Lakh ,4.2,5.0,5.0,4.0,2.0,5.0,1059
403,4,BHU - Banaras Hindu University,5," ₹ 6,600", ₹ 12.00 Lakh ,4.2,3.8,4.1,4.2,4.5,4.6,16
404,5,JIPMER Puducherry - Jawaharlal Institute of Postgraduate Medical Education and Research,6, ₹ 1.05 Lakh, ₹ 22.00 Lakh ,4.6,4.4,4.6,4.8,4.4,4.9,31
405,6,Sanjay Gandhi Postgraduate Institute of Medical Sciences,7, ₹ 3.35 Lakh, ₹ 5.21 Lakh ,4.6,4.5,4.7,4.7,4.7,4.5,41
406,7,"Amrita Center for Nanoscience and Molecular Medicine, Amrita Vishwa Vidyapeetham - Kochi Campus",8, ₹ 1.77 Lakh, ₹ 23.00 Lakh ,4.6,4.5,4.6,4.6,4.7,4.8,2
407,8,Sree Chitra Tirunal Institute for Medical Sciences and Technology,9, ₹ 11.48 Lakh, ₹ 10.80 Lakh ,4.6,3.0,5.0,5.0,5.0,5.0,11
408,9,"Kasturba Medical College, Manipal, Manipal Academy of Higher Education",10," ₹ 81,000", ₹ 1.00 Lakh ,4.3,4.5,4.5,4.5,4.5,3.9,17
409,10,KGMU - King George's Medical University,11," ₹ 68,018", ₹ 7.20 Lakh ,4.4,4.1,4.7,4.7,4.5,4.1,12
410,11,"Madras Medical College, Chennai",12, ₹ 2.10 Lakh, ₹ 24.75 Lakh,4.6,4.8,4.8,4.8,3.6,5.0,51
411,12,ILBS Delhi - Institute of Liver and Biliary Sciences,13, ₹ 3.60 Lakh , ₹ 1.08 Crores,3.8,3.2,4.0,4.1,4.0,3.7,339
412,13,St. John’s National Academy of Health Sciences,14, ₹ 9.01 Lakh ," ₹ 24,102",4.2,4.0,4.4,4.3,4.3,4.0,39
413,14,Sri Ramachandra Institute of Higher Education and Research,15, ₹ 11.03 Lakh , ₹ 20.25 Lakh,4.4,4.3,4.3,4.6,4.3,4.6,21
414,15,AIIMS Jodhpur - All India Institute of Medical Sciences,16, ₹ 7.20 Lakh , ₹ 6.10 Lakh,4.6,4.5,4.6,4.8,4.8,4.3,20
415,16,"Dr. D.Y. Patil Vidyapeeth, Pune",17, ₹ 4.00 Lakh ," ₹ 67,500",4.7,4.8,4.7,4.7,4.6,4.9,481
416,17,SOA - Siksha 'O' Anusandhan University,18," ₹ 96,000 ", ₹ 1.25 Crores,4.3,3.6,4.4,4.4,4.3,4.7,73
417,18,Vardhman Mahavir Medical College,19, ₹ 6.40 Lakh ," ₹ 40,500",4.6,4.6,4.2,4.8,4.6,5.0,14
418,19,SRM Medical College Hospital and Research Centre,20, ₹ 5.52 Lakh ," ₹ 57,735",4.4,4.3,4.5,4.4,4.6,4.1,4
419,20,Institute of Post Graduate Medical Education and Research,21, ₹ 7.80 Lakh ," ₹ 24,448",4.0,4.0,4.3,4.0,4.0,3.8,7
420,21,Aligarh Muslim University,22, ₹ 6.25 Lakh, ₹ 4.20 Lakh ,4.6,4.9,4.3,4.6,4.6,4.7,9
421,22,Maulana Azad Medical College,23, ₹ 14.80 Lakh , ₹ 1.13 Lakh,4.4,4.6,4.3,4.3,4.3,4.7,42
422,23,DMIMSU - Datta Meghe Institute of Medical Sciences,24," ₹ 1,080", ₹ 12.50 Lakh ,4.5,4.7,4.2,4.5,4.5,4.8,20
423,24,"Saveetha Institute of Medical and Technical Sciences, Poonamallee",25," ₹ 6,098", ₹ 1.00 Lakh ,4.5,4.6,3.9,4.6,4.6,4.9,33
424,25,"All India Institute of Medical Sciences, Bhubaneswar",26, ₹ 8.25 Lakh, ₹ 16.00 Lakh ,4.3,4.4,4.4,4.3,4.4,4.0,313
425,26,GMCH Chandigarh - Government Medical College and Hospital,27, ₹ 1.00 Lakh, ₹ 3.60 Lakh ,4.0,3.6,4.2,4.1,4.2,3.8,214
426,27,"University College of Medical Sciences, University of Delhi",28, ₹ 4.80 Lakh, ₹ 3.90 Lakh ,3.7,3.3,3.9,4.0,3.9,3.6,
427,28,Lady Hardinge Medical College,29," ₹ 64,300", ₹ 8.20 Lakh ,4.1,4.3,4.0,4.2,4.0,4.0,21
428,29,KIMS - Kalinga Institute of Medical Sciences,30, ₹ 20.00 Lakh, ₹ 8.40 Lakh ,4.5,4.3,4.7,4.7,4.3,4.3,3
429,30,"Maharishi Markandeshwar University, Mullana",32, ₹ 33.00 Lakh, ₹ 3.60 Lakh ,3.9,4.0,3.5,4.0,4.1,3.8,15
430,31,Jamia Hamdard,33, ₹ 6.35 Lakh, ₹ 6.80 Lakh ,4.3,4.1,4.4,4.6,4.3,4.2,15
431,32,"JSS Medical College, JSS Academy of Higher Education and Research",34, ₹ 8.00 Lakh, ₹ 3.60 Lakh ,3.8,3.3,3.8,4.3,4.0,3.8,4
432,33,PSG Institute of Medical Sciences and Research,35, ₹ 11.00 Lakh, ₹ 4.32 Lakh ,4.2,4.3,4.5,4.3,3.8,4.3,4
433,34,Christian Medical College & Hospital Ludhiana,36," ₹ 82,350", ₹ 10.58 Lakh ,4.5,4.6,4.2,4.4,4.5,4.7,25
